All Students,Male,Female,General Education Students,Students with Disabilities,American Indian or Alaska Native,Asian or Native Hawaiian/Other Pacific Islander,Black or African American,Hispanic or Latino,White,Multiracial,Economically Disadvantaged,Not Economically Disadvantaged,English Language Learner,NonEnglish Language Learner,Not in Foster Care,Homeless,Not Homeless,Migrant,Not Migrant,Parent Not in Armed Forces
78%,74%,81%,83%,49%,,84%,76%,72%,83%,,75%,82%,63%,79%,78%,65%,78%,,,78%
96%,91%,100%,100%,79%,,100%,,,95%,,90%,100%,,96%,96%,,96%,,96%,96%
95%,94%,96%,98%,56%,,,100%,90%,95%,80%,78%,97%,,,,,,,95%,95%
90%,85%,96%,97%,68%,,60%,,90%,89%,,89%,90%,,,90%,83%,,,90%,90%
84%,86%,83%,87%,65%,,100%,100%,46%,89%,67%,80%,91%,100%,,,80%,84%,,84%,84%
95%,94%,97%,96%,89%,,99%,91%,96%,96%,,91%,98%,86%,95%,,71%,96%,,95%,
94%,91%,97%,98%,74%,,100%,91%,87%,95%,,85%,98%,,94%,94%,,95%,,94%,94%
89%,90%,89%,95%,67%,,,,,,94%,80%,100%,,89%,89%,,89%,,89%,89%
97%,97%,98%,99%,85%,,100%,100%,93%,97%,,94%,98%,100%,,97%,,,,97%,97%
97%,96%,98%,98%,90%,,,,,98%,,83%,98%,,,97%,,97%,,97%,97%
91%,83%,100%,93%,75%,,,87%,,89%,,90%,93%,,90%,91%,,,,91%,91%
100%,100%,100%,,,,,,,,,100%,100%,58%,100%,100%,,100%,,100%,100%
89%,73%,100%,,,,,,,,,89%,89%,,89%,89%,,,,89%,89%
92%,87%,100%,97%,67%,72%,,,,,,85%,100%,,92%,92%,50%,92%,,92%,92%
86%,75%,100%,92%,75%,,,74%,,,76%,92%,78%,,86%,86%,,86%,,86%,86%
76%,75%,78%,,,75%,100%,,,,,64%,100%,100%,76%,76%,,76%,,76%,76%
79%,70%,92%,83%,67%,,,83%,,,,82%,75%,,79%,79%,,79%,,79%,79%
96%,93%,100%,98%,83%,,95%,,,,80%,97%,96%,,,96%,20%,96%,,96%,96%
94%,,,,,,88%,,64%,94%,,90%,100%,,94%,94%,83%,,,94%,94%
92%,93%,92%,98%,71%,,,,,,100%,92%,93%,,92%,92%,80%,,,92%,92%
81%,75%,92%,,,,,81%,,81%,100%,77%,84%,,81%,81%,,81%,,81%,81%
85%,79%,91%,96%,48%,,,81%,100%,84%,89%,74%,90%,49%,85%,85%,,85%,,85%,85%
94%,89%,97%,94%,92%,,,70%,,,,89%,97%,50%,94%,,50%,,,94%,94%
95%,94%,96%,100%,73%,,,,,,,93%,96%,,,95%,,,,95%,95%
76%,71%,81%,80%,57%,83%,,,83%,79%,,65%,95%,,76%,76%,,77%,,76%,76%
80%,73%,90%,94%,38%,,100%,,77%,,,79%,83%,,80%,,,,,80%,80%
89%,85%,98%,94%,72%,,,63%,100%,90%,82%,86%,91%,,,89%,,,,89%,89%
91%,89%,93%,97%,68%,,,,,91%,,82%,96%,,91%,91%,,,,91%,91%
90%,91%,90%,93%,79%,,,,,90%,,83%,95%,,90%,90%,,92%,,90%,
97%,100%,93%,100%,83%,,,,,,,95%,100%,63%,97%,97%,,97%,,97%,97%
86%,87%,84%,92%,67%,,,81%,,,,79%,95%,,,86%,,86%,,,86%
89%,87%,91%,93%,66%,,,,,89%,59%,72%,95%,,,,,89%,,89%,89%
90%,90%,90%,95%,64%,,,,100%,92%,,87%,94%,,90%,90%,,,,90%,90%
94%,91%,97%,96%,78%,,,,,96%,,88%,96%,,,94%,57%,,,94%,94%
94%,91%,97%,97%,64%,,,,,94%,,87%,98%,60%,94%,94%,,96%,,94%,94%
79%,71%,86%,100%,57%,,,,,79%,,,,70%,79%,79%,,79%,,79%,79%
89%,86%,92%,97%,50%,,,,,90%,,81%,92%,60%,89%,,,,,89%,
92%,94%,90%,100%,67%,,,,,,100%,87%,95%,,92%,92%,,92%,,92%,92%
87%,86%,88%,94%,58%,,,,,85%,,88%,86%,,87%,87%,,,,87%,87%
77%,65%,92%,,,,,67%,,,,91%,68%,19%,77%,77%,63%,,,77%,77%
94%,92%,97%,96%,86%,,89%,100%,,,,93%,95%,,94%,94%,,,,94%,94%
79%,73%,86%,86%,56%,,,,,77%,,67%,86%,,79%,79%,,,40%,79%,79%
82%,80%,85%,86%,63%,,,,,85%,,75%,93%,37%,82%,82%,83%,,,82%,82%
96%,95%,97%,98%,85%,67%,,,,96%,,94%,98%,86%,96%,96%,,,,96%,
99%,97%,100%,100%,92%,,,,,98%,,100%,97%,,99%,99%,,,,99%,99%
80%,86%,74%,85%,58%,,,,,85%,69%,77%,83%,50%,,80%,,,,80%,80%
90%,83%,96%,95%,68%,,,,,92%,,92%,88%,62%,90%,90%,,,,90%,
78%,74%,83%,80%,67%,,,,,81%,,64%,89%,82%,,,,79%,,78%,78%
96%,97%,96%,98%,86%,,,79%,,,,92%,98%,40%,96%,96%,,96%,,96%,96%
94%,96%,92%,96%,71%,96%,,,,93%,88%,88%,98%,,94%,94%,,,,94%,94%
88%,81%,96%,88%,83%,,,,66%,92%,,84%,91%,,,88%,50%,88%,,,
86%,85%,89%,89%,70%,,,,,,,72%,94%,,86%,86%,,,,86%,
85%,80%,91%,92%,54%,,,82%,,,,76%,94%,,85%,,,85%,,85%,85%
94%,91%,97%,94%,92%,,,,,94%,,86%,98%,76%,,94%,,,20%,,94%
92%,89%,96%,95%,79%,40%,100%,80%,,91%,,91%,93%,,92%,92%,,,,92%,
94%,91%,96%,93%,100%,71%,,,,93%,,91%,95%,,94%,94%,,94%,,94%,94%
88%,82%,94%,94%,50%,,,,75%,,,84%,90%,57%,88%,88%,82%,88%,,88%,88%
92%,86%,97%,95%,77%,,,,,,,90%,93%,,92%,92%,,92%,,92%,92%
75%,62%,89%,90%,36%,83%,,,,,,77%,72%,,75%,75%,,,,75%,75%
93%,100%,90%,,,,,92%,,,,100%,89%,,93%,93%,,93%,,93%,93%
78%,73%,84%,81%,63%,,,,,91%,,79%,76%,,85%,78%,,79%,,,78%
98%,96%,100%,,,,,90%,44%,,,100%,97%,,98%,98%,50%,,,98%,98%
90%,84%,98%,95%,50%,,,,90%,92%,,85%,94%,,90%,90%,,90%,,90%,90%
91%,90%,93%,95%,75%,,,,,94%,,90%,93%,,91%,91%,33%,,,,91%
94%,90%,100%,96%,80%,,,63%,,95%,,95%,93%,,94%,94%,86%,94%,,94%,94%
100%,100%,100%,100%,100%,,,94%,,,,100%,100%,,100%,100%,,100%,,100%,100%
78%,77%,79%,83%,54%,,86%,,,80%,,76%,81%,,79%,,,78%,,,78%
97%,95%,98%,97%,89%,,,,,96%,,94%,98%,,,97%,47%,,,97%,97%
88%,80%,95%,94%,63%,,,,,,100%,89%,87%,,88%,88%,,,,88%,88%
91%,88%,93%,,,,,97%,,,,95%,85%,,91%,91%,,,,91%,91%
81%,73%,88%,90%,50%,,,,,80%,,79%,82%,,81%,81%,,,,,81%
75%,71%,80%,79%,52%,,97%,,,78%,,61%,91%,,75%,75%,,,,75%,75%
94%,91%,96%,96%,70%,,100%,93%,,94%,,86%,96%,78%,,,45%,,,94%,94%
89%,85%,93%,97%,30%,,,94%,,89%,,88%,90%,68%,89%,89%,,89%,,89%,89%
85%,77%,94%,88%,75%,,,94%,,,,100%,76%,67%,85%,,,85%,,85%,85%
98%,95%,100%,100%,90%,,98%,,86%,,,95%,100%,,98%,98%,,98%,,98%,98%
90%,84%,95%,92%,78%,80%,,79%,,89%,,78%,98%,100%,90%,90%,,90%,,90%,90%
89%,87%,93%,91%,82%,,,85%,,,,86%,93%,,89%,89%,,,,89%,89%
88%,85%,90%,91%,72%,,100%,76%,,88%,100%,84%,90%,50%,,88%,,90%,,88%,88%
94%,92%,95%,96%,88%,,97%,90%,89%,94%,,100%,89%,,94%,94%,,94%,,94%,94%
95%,94%,96%,96%,88%,,93%,,67%,95%,,94%,96%,,95%,95%,,95%,,95%,95%
86%,80%,91%,91%,65%,,,100%,,87%,,82%,93%,57%,86%,86%,,86%,,86%,86%
87%,87%,88%,90%,71%,,87%,,,86%,68%,81%,97%,89%,87%,87%,,,,,87%
94%,92%,96%,98%,77%,,94%,,,94%,,89%,98%,,,,,,,,94%
83%,82%,86%,90%,60%,,100%,,,83%,83%,70%,93%,60%,,83%,80%,,,83%,83%
94%,100%,88%,100%,60%,,,,,94%,,71%,100%,,94%,94%,,94%,,94%,94%
86%,80%,92%,95%,56%,,,,,86%,,79%,91%,,86%,86%,,86%,,86%,86%
91%,88%,93%,93%,76%,,,,,91%,,80%,98%,57%,91%,91%,,91%,,91%,91%
90%,89%,91%,94%,69%,,100%,79%,,91%,86%,77%,98%,66%,90%,,,,,90%,90%
91%,93%,88%,96%,63%,,,100%,88%,92%,,82%,95%,38%,91%,91%,,91%,,91%,
,,82%,87%,,,,100%,87%,78%,,,88%,78%,,,,,,,
77%,73%,90%,94%,46%,,100%,,80%,91%,,58%,90%,38%,,77%,,,,77%,
93%,95%,94%,96%,83%,,,83%,,94%,,95%,96%,,93%,93%,,93%,,93%,93%
94%,94%,88%,90%,88%,,,94%,91%,80%,67%,91%,89%,52%,94%,94%,,94%,,94%,94%
84%,77%,97%,99%,63%,,,,78%,99%,,81%,98%,75%,85%,84%,,84%,,84%,84%
98%,98%,92%,97%,91%,,,,71%,,100%,97%,96%,91%,,98%,,98%,,,98%
92%,92%,90%,94%,60%,,100%,,94%,90%,,83%,90%,,92%,92%,,92%,,92%,92%
90%,90%,88%,89%,71%,,95%,,100%,83%,,90%,86%,57%,90%,90%,,90%,,90%,90%
82%,76%,95%,94%,47%,,100%,,89%,,,76%,95%,,,82%,,,,82%,82%
89%,83%,92%,93%,71%,,,60%,,89%,,81%,94%,46%,89%,89%,,89%,,89%,89%
89%,86%,100%,98%,73%,,,,89%,,,82%,100%,,,,,,,89%,
98%,96%,,,100%,67%,,,,,100%,96%,,,98%,,,98%,,98%,98%
100%,,86%,,,81%,,,,92%,86%,,,,100%,100%,,100%,,100%,100%
92%,100%,92%,,,78%,,86%,92%,,,,100%,,92%,92%,,92%,,92%,92%
96%,100%,100%,100%,,89%,,,90%,,,93%,97%,,96%,96%,,96%,,96%,96%
94%,87%,100%,,75%,89%,,,100%,,,89%,100%,50%,94%,94%,,94%,,94%,94%
100%,100%,94%,,,,,80%,,,,100%,100%,58%,100%,100%,,100%,,100%,100%
97%,100%,100%,89%,,67%,,,69%,,,92%,80%,55%,97%,97%,,97%,,97%,97%
88%,79%,100%,,80%,89%,,,100%,,,93%,100%,,88%,88%,,88%,,88%,88%
100%,100%,95%,96%,,,,,89%,95%,60%,100%,98%,100%,100%,100%,,100%,,100%,100%
94%,92%,93%,,87%,65%,,100%,100%,,,88%,89%,56%,,94%,80%,94%,,94%,94%
89%,80%,100%,,,71%,,75%,,,,90%,94%,,89%,89%,,89%,,89%,89%
97%,94%,91%,91%,,63%,,,75%,,,100%,82%,,97%,,,,,97%,97%
87%,84%,90%,95%,71%,90%,,,92%,88%,,96%,94%,40%,87%,87%,,87%,,87%,87%
89%,89%,91%,90%,63%,83%,,,,86%,,85%,89%,,90%,89%,,,,89%,
85%,82%,91%,93%,63%,91%,,,,89%,,83%,91%,64%,87%,85%,,85%,,85%,85%
88%,84%,93%,91%,61%,,,,,93%,,84%,92%,86%,88%,89%,,89%,,88%,88%
88%,83%,95%,98%,67%,77%,,,,96%,,86%,96%,64%,91%,88%,,88%,,88%,88%
95%,95%,91%,97%,73%,79%,,,93%,95%,,91%,94%,,,95%,,,,95%,95%
91%,91%,71%,70%,58%,77%,,,80%,56%,,87%,56%,,,91%,,91%,,91%,91%
65%,59%,94%,97%,39%,89%,,89%,93%,94%,,68%,95%,100%,68%,65%,,67%,,,65%
94%,94%,94%,95%,73%,81%,,,,95%,,88%,92%,,,94%,,94%,,94%,
91%,88%,96%,93%,72%,83%,,,71%,92%,100%,88%,94%,50%,91%,91%,,91%,,91%,91%
92%,89%,95%,95%,75%,,,,89%,95%,,87%,94%,,,92%,80%,,,92%,92%
93%,92%,98%,97%,82%,,,,,96%,90%,89%,97%,53%,93%,93%,50%,,,93%,93%
95%,93%,100%,97%,85%,88%,,74%,,95%,,90%,94%,,96%,,,96%,,95%,95%
96%,90%,93%,98%,89%,76%,,,100%,95%,,100%,97%,45%,96%,96%,,96%,,96%,96%
96%,98%,92%,97%,80%,93%,,,83%,94%,,93%,97%,,96%,96%,,,,96%,96%
95%,97%,98%,98%,83%,67%,,,91%,96%,,90%,97%,44%,95%,95%,82%,,,95%,95%
96%,94%,99%,97%,78%,86%,,,,95%,88%,88%,98%,45%,,96%,67%,,,96%,
95%,91%,94%,99%,77%,77%,100%,,,97%,88%,92%,96%,50%,96%,95%,67%,,,95%,95%
96%,98%,83%,81%,72%,92%,90%,,,83%,,95%,78%,69%,96%,96%,,96%,,96%,96%
79%,75%,84%,91%,69%,82%,97%,,,86%,,79%,91%,45%,81%,,,79%,,,
88%,91%,97%,94%,68%,,,,,89%,,86%,96%,67%,88%,88%,,,,88%,88%
88%,81%,90%,91%,50%,,100%,,,86%,,79%,86%,58%,89%,88%,71%,88%,,88%,88%
88%,85%,87%,93%,75%,,,,,89%,,90%,91%,55%,,,,,,88%,88%
88%,88%,87%,93%,69%,94%,80%,,,89%,,84%,90%,65%,,,80%,,,88%,
89%,91%,99%,98%,68%,57%,100%,,91%,96%,,88%,97%,60%,,89%,,,,89%,89%
96%,93%,95%,99%,80%,75%,100%,,100%,97%,,88%,96%,59%,,96%,,96%,,96%,96%
96%,98%,93%,97%,84%,,100%,,,92%,,96%,93%,64%,96%,96%,70%,,,96%,96%
90%,88%,100%,100%,67%,,97%,,,99%,,83%,99%,66%,90%,,83%,90%,,90%,90%
99%,98%,95%,96%,89%,,92%,92%,,92%,,97%,95%,64%,99%,99%,60%,,,99%,99%
91%,88%,96%,98%,78%,,79%,91%,,97%,92%,88%,98%,52%,91%,91%,56%,,,91%,91%
96%,95%,97%,96%,75%,,95%,92%,,92%,,90%,92%,38%,96%,96%,72%,96%,,96%,96%
92%,86%,94%,96%,54%,,,92%,91%,92%,,90%,95%,63%,92%,92%,,92%,,92%,
92%,90%,100%,99%,70%,100%,96%,92%,84%,,78%,85%,100%,65%,92%,92%,,,,92%,92%
98%,95%,90%,85%,93%,,,,,88%,,90%,84%,73%,98%,98%,,,,98%,98%
85%,82%,97%,99%,85%,,,93%,,97%,,86%,97%,53%,86%,,,85%,,85%,85%
96%,95%,98%,98%,83%,,80%,85%,,100%,69%,94%,97%,58%,,96%,20%,,,96%,
97%,97%,100%,93%,94%,,,100%,,,,98%,94%,56%,97%,97%,46%,97%,,97%,97%
94%,88%,100%,99%,100%,,100%,93%,,98%,89%,94%,98%,34%,94%,94%,,94%,,94%,94%
98%,97%,97%,95%,94%,,99%,,,93%,,99%,94%,73%,,98%,,,,98%,98%
92%,88%,91%,93%,75%,94%,98%,100%,,91%,,89%,93%,55%,92%,92%,80%,92%,,92%,92%
89%,88%,96%,95%,78%,,100%,89%,,92%,100%,84%,94%,54%,90%,,92%,90%,,89%,
92%,88%,92%,,76%,,100%,76%,,95%,92%,89%,86%,54%,,,,,,92%,92%
95%,100%,,,,,100%,89%,,,56%,100%,,46%,95%,95%,,95%,,95%,95%
92%,,,,,,100%,93%,,60%,,,,49%,92%,92%,,,,92%,92%
60%,,89%,97%,,63%,,100%,29%,,,,94%,50%,60%,60%,,60%,,60%,60%
89%,90%,,,64%,,100%,75%,,100%,,81%,,60%,89%,89%,,,,89%,89%
100%,,82%,97%,,,,71%,,,,,100%,51%,100%,100%,,100%,,100%,100%
88%,92%,100%,,69%,,100%,,,100%,,75%,100%,,88%,88%,,88%,,88%,88%
100%,100%,93%,98%,,,,,92%,,,100%,90%,,100%,100%,,100%,,100%,100%
93%,93%,83%,93%,79%,,,96%,,,,96%,63%,50%,93%,93%,,93%,,93%,
80%,75%,83%,90%,50%,,100%,70%,,92%,,92%,94%,,80%,80%,,80%,,80%,80%
92%,95%,93%,96%,100%,,,89%,,91%,80%,90%,97%,,92%,92%,,92%,,92%,92%
91%,88%,100%,100%,50%,,100%,,95%,,,82%,100%,,91%,91%,100%,91%,,91%,91%
97%,95%,90%,94%,80%,83%,100%,100%,100%,,,92%,93%,,97%,97%,77%,97%,,,97%
87%,83%,100%,100%,56%,,95%,,,,,84%,100%,,87%,,,,,,87%
93%,88%,98%,95%,67%,,98%,87%,,,,80%,100%,46%,93%,93%,,,,93%,93%
92%,85%,89%,89%,79%,,99%,95%,,85%,,82%,85%,,92%,,67%,,,,92%
85%,81%,100%,,67%,,,94%,,,,85%,100%,,85%,85%,50%,,,,85%
100%,100%,74%,79%,,,,75%,,72%,,100%,74%,,100%,100%,,100%,,100%,100%
72%,70%,89%,95%,50%,,100%,96%,80%,89%,100%,71%,92%,,72%,72%,,,,72%,72%
90%,90%,93%,92%,64%,,98%,96%,,,,87%,86%,,90%,90%,,,,90%,90%
90%,85%,100%,,75%,,86%,98%,83%,,,93%,94%,,90%,90%,,,,90%,90%
94%,85%,94%,96%,,,100%,,,91%,,93%,97%,,94%,94%,86%,94%,,94%,94%
91%,89%,97%,,61%,,98%,93%,,,100%,84%,98%,,91%,91%,,,,91%,91%
97%,97%,93%,96%,,,98%,100%,,97%,,89%,92%,,97%,,66%,97%,,97%,97%
95%,96%,95%,99%,86%,,,,,96%,,97%,96%,,,95%,69%,,,95%,95%
96%,98%,91%,,86%,,,97%,,79%,,97%,91%,80%,96%,96%,67%,96%,,96%,96%
80%,71%,94%,97%,,86%,,,,93%,,71%,97%,64%,,80%,67%,80%,,,80%
93%,92%,85%,87%,69%,,99%,97%,,89%,100%,86%,93%,,93%,,69%,,,93%,93%
87%,89%,89%,89%,88%,,,94%,,,,83%,91%,,87%,87%,81%,,,87%,87%
87%,85%,93%,96%,78%,,99%,92%,94%,94%,,83%,93%,55%,87%,87%,68%,,,87%,87%
93%,93%,91%,92%,82%,,,97%,84%,92%,,94%,98%,,93%,,66%,93%,,93%,93%
92%,92%,90%,93%,86%,,99%,91%,91%,93%,,85%,94%,,92%,92%,76%,,,92%,92%
92%,94%,88%,89%,84%,,97%,,87%,87%,,89%,89%,,,92%,69%,,,92%,92%
85%,82%,96%,97%,50%,,,,88%,,,76%,96%,,85%,85%,77%,85%,,85%,85%
89%,83%,100%,,67%,,100%,,,91%,,73%,91%,,89%,89%,62%,,,89%,89%
93%,87%,100%,,,,95%,,95%,,,94%,,,93%,93%,77%,93%,,93%,93%
95%,92%,,,,,,,95%,,,,,100%,95%,95%,73%,,,95%,95%
100%,,,,,,78%,,100%,,,,,,100%,100%,62%,100%,,100%,100%
,82%,100%,,,,95%,,87%,,100%,80%,100%,,,,63%,,,,
89%,97%,100%,100%,86%,,98%,,83%,,,95%,100%,48%,89%,89%,71%,89%,,89%,89%
98%,93%,97%,97%,75%,,94%,100%,100%,,,90%,98%,,98%,98%,81%,98%,,98%,98%
95%,84%,81%,91%,43%,,92%,,82%,82%,,87%,79%,33%,95%,,67%,95%,,95%,95%
83%,81%,80%,86%,54%,,92%,,71%,79%,,69%,100%,,83%,,76%,83%,,83%,83%
81%,80%,92%,91%,73%,,86%,,85%,,100%,89%,85%,80%,81%,81%,74%,81%,,81%,81%
87%,89%,96%,97%,75%,,91%,,91%,,,95%,92%,46%,87%,87%,89%,87%,,,87%
93%,100%,88%,,,,89%,100%,93%,91%,,100%,80%,,93%,93%,49%,93%,,93%,93%
91%,100%,100%,,,,98%,,,,,100%,100%,,91%,91%,89%,91%,,91%,91%
100%,84%,93%,90%,81%,,88%,,81%,93%,100%,87%,90%,,100%,100%,68%,100%,,100%,100%
88%,84%,92%,95%,61%,,88%,,,89%,92%,89%,88%,,,,71%,,,,88%
88%,87%,93%,95%,65%,,98%,,,90%,92%,85%,94%,33%,88%,88%,87%,,,88%,88%
90%,90%,95%,97%,75%,,96%,81%,,,100%,81%,100%,,90%,90%,71%,,,90%,91%
93%,89%,95%,96%,71%,,89%,82%,87%,92%,100%,86%,98%,,93%,93%,72%,,,93%,93%
92%,94%,94%,97%,79%,,73%,80%,79%,94%,,93%,95%,,,,77%,92%,,92%,89%
94%,94%,98%,99%,71%,,90%,82%,71%,97%,63%,97%,95%,40%,,94%,80%,94%,,94%,94%
96%,94%,95%,97%,80%,,71%,82%,95%,,60%,94%,95%,33%,96%,96%,69%,,,96%,
94%,90%,86%,94%,63%,,91%,79%,91%,,,79%,93%,,94%,94%,100%,94%,,94%,94%
88%,92%,100%,,,,88%,79%,93%,,93%,88%,100%,41%,88%,,,88%,,88%,
95%,94%,96%,97%,89%,,90%,73%,71%,,91%,89%,100%,,95%,95%,93%,95%,,95%,
95%,73%,85%,90%,44%,,96%,80%,91%,76%,60%,68%,96%,,95%,95%,57%,95%,,95%,
79%,90%,93%,95%,71%,82%,78%,86%,95%,90%,97%,85%,97%,,79%,,,,,79%,78%
91%,100%,100%,,,,100%,83%,91%,,88%,100%,100%,80%,91%,91%,,92%,,91%,90%
100%,100%,86%,,,,93%,71%,84%,,92%,81%,100%,44%,100%,,,100%,,100%,100%
91%,88%,96%,96%,56%,,92%,89%,89%,,,89%,95%,60%,91%,91%,47%,91%,,91%,
92%,80%,91%,92%,56%,,96%,87%,75%,83%,85%,83%,87%,52%,92%,92%,,,,92%,
85%,90%,92%,98%,62%,,81%,84%,,,80%,89%,93%,40%,,85%,,,,85%,85%
91%,87%,96%,95%,67%,,92%,69%,95%,92%,88%,83%,96%,56%,,91%,52%,,,91%,91%
93%,98%,96%,98%,90%,,80%,85%,97%,,87%,96%,98%,,93%,93%,73%,,,93%,93%
97%,91%,100%,98%,82%,,92%,81%,97%,97%,94%,91%,98%,45%,97%,97%,62%,,,97%,97%
96%,97%,100%,100%,87%,,97%,84%,100%,,97%,95%,100%,38%,,96%,,,,96%,96%
98%,82%,100%,93%,77%,,100%,88%,97%,88%,,80%,95%,,98%,98%,,,,98%,98%
88%,85%,88%,91%,60%,,,86%,87%,86%,,78%,94%,20%,,88%,78%,,,88%,88%
87%,96%,100%,98%,100%,,,93%,96%,,97%,96%,100%,,87%,87%,,,,87%,87%
98%,100%,97%,98%,100%,,100%,70%,89%,98%,95%,95%,100%,,98%,98%,,98%,,,98%
98%,86%,86%,,,,82%,73%,95%,,91%,83%,87%,,98%,98%,,,,98%,98%
86%,95%,98%,98%,67%,,,65%,96%,96%,93%,71%,100%,,86%,86%,100%,86%,,86%,86%
96%,92%,95%,,,,,83%,82%,97%,94%,95%,93%,,96%,96%,68%,96%,,96%,96%
94%,82%,93%,91%,75%,,,93%,,,88%,84%,92%,52%,,94%,,,,,94%
88%,96%,88%,94%,86%,,,83%,88%,,94%,83%,96%,,88%,88%,,,,88%,88%
93%,78%,92%,90%,40%,,,86%,88%,88%,76%,83%,86%,,93%,93%,81%,93%,,93%,93%
85%,93%,94%,,,,100%,84%,100%,,,89%,100%,,85%,85%,86%,85%,,85%,85%
94%,81%,92%,92%,69%,,,83%,76%,89%,100%,81%,92%,80%,94%,94%,,94%,,94%,94%
87%,83%,94%,90%,88%,,,77%,,,,92%,88%,44%,,87%,,88%,,87%,87%
90%,89%,98%,97%,74%,,,,90%,93%,75%,88%,96%,65%,90%,90%,,,,90%,90%
93%,95%,96%,97%,82%,,78%,90%,100%,96%,76%,95%,96%,33%,,93%,,,,93%,93%
95%,83%,92%,93%,57%,,,,100%,87%,,88%,87%,63%,,95%,,,,95%,95%
88%,93%,96%,98%,76%,,,73%,100%,96%,100%,92%,97%,64%,88%,,,88%,,88%,88%
94%,91%,92%,95%,65%,,100%,64%,98%,95%,,92%,91%,84%,95%,,,95%,,94%,
91%,94%,95%,95%,90%,,100%,100%,,96%,,87%,98%,23%,92%,91%,68%,92%,,91%,91%
94%,94%,96%,99%,65%,,,100%,88%,97%,,86%,97%,57%,,94%,88%,,,94%,94%
95%,90%,95%,95%,76%,,,,100%,94%,,81%,97%,71%,95%,95%,,,,95%,95%
92%,92%,98%,97%,79%,,91%,,84%,95%,,97%,94%,,92%,,69%,,,92%,
95%,98%,98%,99%,91%,,,,100%,98%,100%,94%,99%,0%,,,60%,95%,,,95%
98%,97%,94%,98%,78%,,100%,100%,,96%,,88%,97%,31%,98%,,75%,,,98%,98%
95%,81%,87%,88%,50%,,,,91%,84%,,84%,84%,32%,96%,95%,,95%,,95%,95%
84%,98%,99%,100%,86%,,,87%,89%,98%,,100%,98%,61%,84%,84%,,,,84%,84%
98%,91%,95%,96%,72%,,100%,73%,68%,94%,,90%,94%,59%,,98%,,98%,,98%,98%
93%,72%,76%,79%,54%,,100%,,82%,67%,,72%,86%,83%,,93%,,,,93%,93%
74%,89%,98%,96%,74%,,,84%,82%,95%,,90%,95%,39%,77%,74%,67%,74%,,74%,74%
93%,91%,94%,96%,61%,,,82%,88%,92%,,92%,92%,42%,93%,94%,76%,93%,,93%,93%
92%,94%,97%,98%,83%,,100%,73%,75%,96%,,92%,97%,,92%,92%,,93%,,,92%
96%,80%,92%,92%,67%,,,100%,83%,90%,,85%,91%,,,96%,60%,96%,,96%,96%
88%,83%,85%,91%,59%,,85%,,79%,88%,,83%,86%,55%,88%,88%,100%,88%,,88%,
84%,88%,97%,98%,20%,,,86%,74%,,100%,83%,100%,47%,86%,84%,71%,85%,,84%,84%
93%,92%,98%,95%,92%,,,63%,80%,95%,83%,89%,97%,33%,93%,93%,60%,,,93%,93%
94%,96%,87%,93%,89%,,,,80%,93%,100%,96%,88%,,,94%,88%,,,,94%
92%,85%,88%,95%,67%,,,100%,79%,,,81%,95%,57%,,92%,,92%,,92%,92%
87%,85%,93%,91%,79%,,,90%,75%,92%,,89%,89%,66%,87%,87%,,,,87%,87%
89%,73%,81%,79%,61%,,100%,90%,86%,0%,100%,83%,65%,61%,93%,89%,,,,89%,89%
77%,74%,85%,79%,81%,,90%,74%,87%,,,79%,78%,43%,82%,77%,,77%,,77%,77%
79%,97%,97%,99%,84%,,,,78%,98%,87%,96%,98%,,89%,,,80%,,79%,79%
97%,93%,97%,97%,77%,,,,63%,96%,100%,92%,95%,,97%,97%,,,,97%,97%
95%,97%,97%,99%,86%,,94%,,73%,97%,,96%,97%,80%,96%,,,,,95%,
97%,73%,82%,78%,77%,,100%,,70%,96%,,85%,63%,,,97%,,97%,,97%,97%
78%,93%,93%,94%,81%,,,,83%,100%,,94%,91%,,90%,78%,,77%,,78%,
93%,94%,98%,99%,77%,,94%,,79%,97%,,92%,98%,51%,95%,,,93%,,93%,93%
96%,95%,95%,96%,92%,,,96%,77%,96%,66%,89%,97%,75%,96%,,,,,96%,96%
95%,91%,97%,96%,85%,,100%,100%,88%,96%,100%,95%,92%,,,,86%,,,95%,95%
94%,93%,98%,98%,76%,,,96%,44%,78%,,87%,98%,44%,96%,94%,,,,94%,94%
95%,77%,86%,82%,75%,,100%,90%,82%,99%,85%,84%,76%,,,95%,100%,,,95%,95%
81%,98%,99%,100%,89%,,,94%,84%,100%,,95%,99%,73%,90%,81%,,,,81%,81%
99%,98%,98%,99%,94%,,100%,75%,79%,99%,,97%,98%,,,99%,,99%,,99%,99%
98%,97%,98%,99%,85%,,,87%,93%,100%,,93%,99%,42%,,98%,70%,,,98%,98%
98%,99%,99%,100%,98%,,,95%,82%,98%,,97%,100%,46%,,98%,,,,98%,98%
99%,95%,100%,100%,86%,,,96%,85%,96%,,100%,98%,88%,,99%,,,,99%,99%
98%,99%,94%,99%,83%,,,98%,73%,94%,,95%,97%,,98%,98%,100%,,,98%,98%
97%,87%,99%,92%,95%,,,80%,89%,93%,,89%,95%,,,,,,,97%,97%
92%,,97%,,82%,,,94%,81%,99%,,95%,,43%,97%,,,,,92%,92%
,94%,96%,98%,79%,,,,100%,98%,,93%,96%,44%,,,,,,,
96%,94%,98%,97%,89%,,,100%,68%,99%,,93%,97%,,97%,96%,49%,96%,,96%,
95%,97%,99%,99%,91%,,,,,,,98%,99%,42%,98%,95%,,96%,,95%,95%
98%,97%,93%,99%,70%,,,96%,90%,99%,100%,85%,98%,67%,,98%,,,,98%,98%
98%,77%,100%,86%,93%,,100%,,59%,100%,83%,100%,83%,,98%,98%,,,,98%,98%
85%,99%,98%,100%,89%,,100%,,75%,98%,63%,89%,99%,,97%,85%,,85%,,85%,85%
99%,99%,98%,99%,79%,,,,,99%,,93%,100%,,,99%,38%,99%,,99%,99%
99%,91%,99%,96%,95%,,,,,98%,,92%,95%,,,99%,,99%,,99%,99%
95%,99%,98%,100%,93%,,86%,,,97%,,90%,100%,,97%,95%,100%,95%,,95%,95%
99%,94%,99%,97%,81%,,100%,,,97%,,94%,98%,,,99%,83%,99%,,99%,99%
96%,97%,94%,100%,80%,,,,,100%,89%,90%,99%,53%,98%,96%,71%,,,96%,96%
98%,95%,100%,98%,100%,,,,,99%,,100%,97%,,98%,98%,57%,98%,,98%,98%
95%,100%,99%,100%,94%,,,,86%,99%,,96%,100%,,97%,95%,,95%,,95%,95%
100%,99%,99%,100%,96%,,100%,,,100%,,98%,99%,,,100%,100%,100%,,100%,100%
99%,100%,99%,100%,100%,,100%,92%,,95%,,97%,100%,,99%,99%,,99%,,99%,99%
99%,100%,97%,99%,84%,,100%,,52%,98%,,90%,100%,,,99%,,99%,,99%,99%
99%,95%,97%,99%,80%,,95%,,,98%,,89%,97%,,99%,99%,60%,99%,,99%,99%
96%,94%,99%,97%,97%,,96%,,,97%,,97%,98%,77%,,96%,100%,96%,,96%,96%
96%,99%,99%,99%,81%,,100%,89%,84%,95%,,91%,99%,,98%,96%,69%,,,96%,96%
99%,89%,95%,95%,81%,,,100%,,95%,,86%,95%,,,99%,75%,99%,,99%,99%
94%,96%,98%,98%,77%,,97%,,,99%,,96%,97%,,97%,94%,86%,,,94%,94%
96%,96%,99%,99%,91%,,89%,,,99%,,91%,97%,,96%,,,96%,,96%,96%
97%,94%,99%,97%,94%,,,,92%,97%,,96%,99%,,,97%,,,,97%,97%
96%,99%,83%,100%,68%,,,,82%,92%,100%,76%,99%,,98%,,,96%,,96%,96%
99%,71%,89%,79%,74%,,,94%,80%,95%,,85%,81%,,,99%,58%,,,99%,
77%,82%,91%,88%,65%,,,90%,88%,90%,,83%,88%,17%,86%,77%,,78%,,77%,77%
86%,81%,92%,91%,63%,,100%,,,91%,,88%,92%,34%,89%,86%,,87%,,86%,86%
87%,83%,87%,94%,56%,,96%,,100%,68%,,80%,84%,,88%,87%,,88%,,87%,
88%,77%,90%,90%,56%,,,85%,,66%,,83%,87%,,89%,88%,,88%,,88%,88%
82%,74%,83%,88%,64%,,100%,97%,100%,72%,100%,79%,74%,,84%,82%,63%,83%,,82%,82%
82%,75%,78%,84%,57%,,,,100%,81%,,75%,81%,60%,87%,,,82%,,82%,82%
79%,72%,87%,81%,56%,,,95%,,95%,,80%,75%,,82%,79%,,81%,,79%,
75%,73%,88%,87%,66%,,,,,87%,,84%,78%,,78%,75%,,76%,,75%,75%
80%,82%,87%,89%,55%,,100%,92%,84%,65%,,81%,89%,,83%,80%,73%,80%,,80%,80%
85%,78%,79%,90%,60%,,,,,96%,,76%,86%,86%,90%,85%,67%,87%,,85%,85%
82%,70%,95%,79%,68%,,,95%,75%,83%,,92%,61%,88%,85%,82%,100%,82%,,82%,
74%,92%,90%,95%,71%,,,88%,,85%,90%,87%,94%,53%,77%,74%,,76%,,74%,74%
93%,85%,88%,92%,65%,,,,85%,50%,,81%,89%,,94%,93%,,94%,,93%,93%
87%,77%,70%,87%,56%,,94%,,,74%,,68%,86%,,90%,,89%,89%,,87%,87%
82%,65%,89%,72%,63%,,,,78%,71%,,83%,65%,,85%,82%,100%,84%,,82%,
67%,78%,85%,88%,62%,,100%,,,68%,,80%,86%,60%,69%,,,68%,,67%,67%
84%,75%,87%,85%,66%,,87%,,,89%,,83%,79%,45%,85%,84%,77%,85%,,84%,84%
79%,81%,91%,89%,70%,,,,78%,87%,,86%,85%,,81%,80%,92%,79%,,79%,79%
83%,80%,90%,88%,67%,,,,76%,92%,100%,85%,79%,46%,85%,84%,30%,85%,,83%,83%
85%,80%,96%,89%,75%,,,,91%,33%,80%,93%,86%,,91%,,,86%,,85%,85%
85%,89%,60%,96%,45%,,,,87%,79%,,62%,91%,71%,89%,85%,,86%,,85%,85%
93%,68%,88%,74%,61%,,,93%,97%,88%,,81%,79%,,94%,93%,75%,93%,,93%,93%
65%,72%,90%,87%,66%,,100%,,82%,83%,,86%,74%,60%,67%,66%,,67%,,65%,65%
80%,82%,89%,89%,68%,,,,,95%,,85%,85%,,82%,,60%,79%,,80%,80%
85%,79%,97%,87%,83%,,,100%,79%,83%,,95%,83%,65%,89%,85%,88%,86%,,85%,85%
84%,92%,88%,96%,66%,,,,85%,88%,,83%,92%,89%,89%,,79%,85%,,84%,84%
94%,77%,92%,85%,68%,,,,92%,63%,,88%,77%,,96%,,47%,95%,,94%,
82%,84%,88%,91%,50%,,,100%,86%,93%,,84%,87%,,86%,82%,92%,83%,,82%,
88%,78%,94%,92%,69%,,,,93%,94%,,89%,78%,,91%,88%,83%,88%,,88%,88%
82%,85%,91%,93%,72%,,100%,,78%,93%,88%,84%,91%,,85%,83%,,83%,,82%,82%
89%,86%,97%,93%,76%,,,91%,85%,90%,,82%,94%,,93%,90%,,90%,,89%,89%
88%,90%,91%,96%,75%,,92%,85%,,95%,,86%,96%,,90%,89%,,89%,,88%,88%
93%,86%,93%,92%,83%,,,80%,90%,93%,,90%,91%,,93%,93%,,93%,,93%,93%
89%,95%,94%,96%,76%,,100%,89%,90%,73%,,88%,97%,,,89%,,88%,,,89%
94%,90%,72%,95%,50%,,100%,77%,,90%,,70%,95%,,94%,,80%,,,94%,94%
92%,64%,92%,73%,73%,,100%,,,93%,,86%,66%,,,,,92%,,92%,92%
68%,87%,95%,94%,74%,,,,,92%,100%,88%,91%,,69%,68%,,69%,,68%,
89%,93%,96%,97%,75%,,100%,,67%,93%,,93%,95%,,89%,89%,70%,89%,,89%,89%
94%,87%,94%,95%,71%,,,,,90%,,94%,91%,,94%,94%,89%,94%,,94%,94%
92%,90%,93%,94%,78%,,,,,,,79%,90%,,,92%,,92%,,,92%
92%,89%,100%,92%,78%,,93%,100%,55%,88%,,95%,96%,,92%,,,,,,92%
91%,86%,92%,95%,54%,,97%,,,95%,,83%,91%,,,91%,,91%,,,91%
93%,83%,93%,94%,75%,,100%,,,97%,80%,92%,93%,,93%,93%,,93%,,93%,93%
88%,98%,97%,98%,72%,,100%,67%,,91%,,97%,97%,,88%,88%,,88%,,88%,
96%,98%,92%,100%,100%,,,93%,86%,,53%,83%,97%,,96%,96%,83%,,,,96%
97%,88%,97%,89%,77%,,80%,,,,,88%,97%,,97%,97%,,97%,,97%,
90%,92%,77%,98%,50%,,80%,,,86%,,94%,98%,,90%,90%,83%,90%,,90%,90%
95%,94%,81%,96%,67%,,,,,,,73%,79%,,,95%,89%,95%,,95%,95%
87%,86%,94%,88%,91%,,,,,,,93%,98%,,87%,87%,,,,87%,87%
84%,97%,100%,96%,94%,,100%,100%,,,,91%,98%,,,84%,54%,85%,,84%,
96%,93%,94%,96%,68%,,100%,86%,,80%,,85%,99%,,,96%,,,,96%,96%
96%,86%,80%,95%,56%,,100%,97%,,,,79%,93%,,96%,96%,,,,96%,
90%,77%,97%,84%,89%,,98%,100%,,,,100%,76%,,90%,90%,,90%,,90%,90%
78%,100%,100%,100%,67%,,100%,94%,,95%,,89%,98%,,83%,,,79%,,78%,78%
98%,88%,97%,98%,86%,,100%,91%,,96%,,89%,97%,,98%,98%,,98%,,98%,98%
94%,94%,96%,96%,82%,,100%,95%,,92%,,91%,97%,,94%,94%,,94%,,94%,94%
95%,95%,94%,98%,72%,,,,87%,92%,80%,83%,98%,,,95%,,95%,,95%,95%
96%,87%,92%,92%,75%,,94%,,93%,94%,,84%,95%,,,,,96%,,96%,96%
90%,91%,93%,96%,73%,,80%,82%,100%,,,85%,97%,,,90%,,91%,,90%,
92%,94%,93%,97%,79%,,,91%,100%,,,85%,96%,,,92%,83%,,,92%,92%
94%,94%,100%,96%,67%,,,,73%,96%,,100%,100%,,,94%,70%,,,94%,94%
94%,81%,96%,95%,67%,,100%,,,89%,,93%,90%,,94%,94%,,95%,,94%,94%
92%,95%,96%,98%,57%,,100%,,85%,100%,100%,91%,96%,,92%,92%,43%,92%,,92%,92%
96%,84%,97%,95%,100%,,82%,95%,,93%,100%,96%,88%,,96%,96%,,96%,,96%,96%
89%,100%,96%,98%,66%,,93%,89%,92%,96%,100%,81%,100%,,,89%,,,,89%,89%
98%,90%,97%,97%,72%,,,93%,,,,85%,98%,,98%,98%,,98%,,98%,98%
93%,95%,100%,99%,62%,,,88%,83%,90%,81%,75%,98%,,,93%,,,,93%,93%
96%,89%,94%,97%,79%,,,83%,,87%,,90%,97%,,,,60%,96%,,96%,
94%,88%,91%,95%,69%,,,85%,,95%,,75%,93%,,,94%,60%,94%,,94%,
91%,84%,98%,92%,86%,,98%,73%,89%,72%,,92%,95%,,,91%,,,,,91%
87%,93%,77%,96%,57%,,100%,,88%,,,68%,96%,,87%,87%,,87%,,87%,87%
95%,71%,90%,78%,65%,,100%,100%,88%,94%,,67%,91%,,95%,95%,67%,95%,,95%,95%
74%,78%,96%,91%,82%,,,,84%,,80%,87%,91%,,76%,74%,100%,74%,,,74%
84%,93%,94%,96%,67%,,100%,96%,87%,93%,,100%,98%,,,84%,,84%,,,84%
94%,94%,89%,98%,72%,,,,80%,91%,,80%,91%,,,94%,100%,,,94%,94%
94%,88%,93%,91%,76%,,,95%,81%,87%,,91%,99%,,94%,94%,,,,94%,94%
89%,90%,91%,97%,64%,,,100%,83%,,,83%,92%,,91%,,,89%,,89%,89%
91%,83%,86%,92%,56%,,,,62%,88%,,86%,89%,,,91%,33%,92%,,,91%
87%,92%,89%,97%,82%,,,94%,,,,81%,92%,,87%,87%,,,,87%,87%
89%,87%,100%,90%,,,,89%,,96%,,92%,95%,,89%,89%,67%,,,89%,89%
88%,91%,96%,,24%,,,100%,,96%,100%,87%,96%,,,88%,,,,88%,88%
94%,94%,98%,98%,85%,,100%,100%,,91%,100%,93%,97%,,94%,94%,83%,94%,,94%,94%
95%,92%,94%,97%,78%,,,,,97%,,93%,96%,,,95%,40%,,,95%,95%
95%,89%,96%,97%,86%,,,,,97%,83%,89%,91%,,,95%,,,,95%,
92%,98%,95%,98%,79%,,,,,96%,,92%,98%,,,,,92%,,92%,92%
97%,92%,99%,97%,78%,,,,,92%,100%,96%,95%,,,97%,,97%,,97%,97%
93%,93%,88%,98%,62%,,100%,,,78%,,87%,96%,,93%,93%,,,,93%,93%
96%,89%,89%,91%,64%,,,86%,,94%,100%,81%,89%,,,96%,,96%,,,96%
88%,80%,98%,90%,71%,,,94%,86%,97%,100%,85%,93%,,,88%,,,,88%,85%
85%,89%,95%,99%,88%,,,,,0%,,86%,96%,,86%,85%,,85%,,,85%
93%,91%,,94%,,,100%,85%,89%,92%,,,96%,,,93%,50%,94%,,,93%
93%,,94%,,85%,,,100%,63%,88%,,89%,,,96%,93%,40%,,,,93%
0%,92%,87%,95%,52%,,,,,87%,,73%,96%,,,0%,,0%,,0%,0%
93%,75%,84%,84%,63%,,,,86%,,,84%,90%,,93%,,,94%,,93%,
81%,90%,100%,93%,,,,,,98%,,,90%,,85%,,,82%,,,81%
87%,100%,99%,,91%,,100%,,,100%,,92%,,,,,,87%,,87%,87%
100%,96%,100%,98%,100%,,,,,86%,,100%,99%,,100%,100%,,100%,,100%,100%
97%,97%,90%,98%,53%,,,92%,100%,98%,,81%,98%,,,97%,,,,97%,97%
99%,83%,100%,90%,80%,,,,85%,93%,,95%,92%,,99%,,100%,99%,,99%,99%
86%,97%,98%,100%,80%,,,,,90%,,90%,100%,,,86%,80%,,,,86%
98%,89%,92%,96%,58%,,100%,88%,81%,97%,,87%,98%,,98%,98%,,98%,,98%,98%
94%,78%,96%,90%,,,,,69%,84%,,100%,84%,,94%,94%,,94%,,94%,94%
85%,100%,87%,,77%,,,,,88%,,84%,97%,,85%,,83%,,,,85%
98%,82%,87%,87%,74%,,,87%,,84%,,80%,86%,,98%,98%,,,,98%,98%
85%,86%,82%,89%,72%,,,,,89%,,73%,96%,,,,,86%,,85%,85%
87%,84%,91%,86%,80%,,,,,92%,,79%,96%,,89%,87%,,88%,,88%,87%
83%,87%,99%,90%,71%,,,,,86%,,88%,95%,,83%,83%,,,,83%,83%
89%,87%,88%,97%,61%,,,,,,,77%,96%,,89%,89%,65%,89%,,89%,89%
93%,82%,92%,89%,80%,,,17%,,,,98%,92%,,,,71%,92%,,93%,93%
85%,94%,93%,96%,64%,,,84%,100%,87%,,86%,89%,,,85%,,86%,,85%,85%
93%,88%,91%,96%,67%,,,,,,,84%,92%,,93%,93%,,95%,,93%,93%
90%,83%,86%,92%,86%,,,83%,90%,,,100%,92%,,90%,90%,33%,90%,,90%,
88%,100%,100%,94%,,,,,,,88%,94%,85%,,88%,,,88%,,88%,
92%,94%,92%,,67%,,,84%,,,,93%,100%,,92%,92%,87%,,,92%,92%
97%,91%,87%,100%,67%,,,93%,,,,82%,88%,,97%,97%,,,,97%,97%
91%,76%,91%,87%,71%,,,,,,88%,92%,80%,,91%,91%,,91%,,91%,91%
81%,93%,92%,100%,83%,,100%,93%,,86%,,100%,92%,,81%,81%,71%,81%,,81%,81%
92%,100%,92%,100%,65%,,100%,100%,91%,88%,,66%,93%,,92%,92%,,,,92%,92%
95%,81%,94%,91%,73%,,90%,,89%,,,88%,93%,,95%,95%,,95%,,95%,95%
86%,86%,100%,96%,100%,,100%,100%,90%,,,100%,91%,,86%,86%,,,,86%,86%
90%,97%,100%,99%,71%,,,93%,89%,,,87%,98%,,90%,90%,,,,90%,90%
99%,85%,73%,100%,44%,,100%,94%,88%,100%,75%,79%,100%,,99%,99%,,99%,,99%,99%
92%,86%,100%,95%,100%,,,,86%,97%,,83%,80%,,92%,92%,,92%,,92%,92%
79%,100%,95%,100%,88%,,100%,,93%,95%,,89%,100%,,,79%,,,,79%,79%
100%,95%,96%,97%,85%,,100%,73%,50%,94%,,94%,98%,,100%,100%,,100%,,100%,100%
95%,92%,95%,96%,78%,,100%,,82%,96%,,97%,96%,,97%,95%,,,,95%,95%
94%,94%,99%,97%,89%,,94%,,86%,97%,,74%,94%,,95%,94%,,94%,,94%,94%
94%,95%,92%,98%,86%,,100%,,89%,86%,,83%,97%,,94%,,,94%,,94%,94%
97%,85%,96%,89%,67%,,100%,,,97%,,87%,96%,,,97%,,,,97%,97%
88%,78%,95%,89%,73%,,,,94%,98%,57%,91%,89%,,95%,,,,,88%,88%
86%,92%,99%,97%,88%,,100%,,100%,91%,,85%,96%,,86%,86%,,,,86%,86%
93%,95%,94%,99%,71%,,100%,,71%,81%,,86%,99%,,93%,93%,,,,93%,93%
97%,88%,91%,94%,76%,,,,77%,88%,,88%,96%,,97%,,,97%,,97%,97%
91%,83%,89%,90%,46%,,,63%,83%,95%,,82%,88%,,91%,,,,,91%,91%
87%,82%,99%,96%,83%,,,,87%,,,80%,81%,,,87%,,86%,,87%,87%
86%,91%,90%,98%,58%,,,75%,87%,97%,,,98%,,,86%,,,,86%,86%
95%,97%,97%,100%,83%,,100%,,94%,93%,83%,86%,98%,,,95%,,,,95%,95%
93%,97%,92%,100%,67%,,,,80%,97%,67%,81%,,,93%,93%,,93%,,93%,93%
97%,87%,97%,94%,85%,,100%,88%,82%,97%,,88%,94%,,97%,97%,,97%,,,97%
90%,95%,98%,98%,79%,,,,87%,94%,,86%,99%,,90%,90%,,90%,,90%,90%
96%,94%,93%,98%,72%,,,,90%,98%,100%,79%,99%,,97%,,,,,96%,96%
96%,86%,97%,92%,80%,,,,,98%,100%,82%,92%,,98%,96%,,,,96%,96%
89%,93%,95%,97%,88%,,95%,100%,89%,98%,,83%,98%,,93%,,,89%,,89%,89%
95%,89%,98%,93%,92%,,100%,100%,79%,98%,,87%,97%,,97%,95%,,,,95%,
92%,95%,98%,98%,86%,,,100%,87%,61%,,73%,99%,,96%,92%,,,,92%,92%
97%,91%,80%,96%,77%,,100%,100%,96%,90%,,81%,97%,,,97%,,,,97%,97%
94%,65%,93%,70%,50%,,94%,,87%,85%,100%,59%,67%,,97%,,,94%,,94%,94%
71%,81%,92%,93%,50%,,,100%,85%,,,80%,93%,,89%,,,74%,,71%,71%
87%,77%,91%,90%,,,,,89%,94%,,91%,98%,,87%,87%,,,,87%,87%
85%,80%,100%,,,,,98%,94%,,100%,81%,100%,,,85%,,,,85%,85%
86%,92%,87%,,53%,,96%,92%,98%,74%,,67%,100%,,86%,86%,,,,,86%
94%,84%,100%,91%,,,92%,,100%,,,83%,90%,,94%,94%,,,,94%,94%
85%,44%,100%,,57%,,94%,,100%,,,89%,80%,,85%,85%,,89%,,85%,
74%,84%,100%,100%,,,97%,,93%,,,92%,100%,,74%,74%,,74%,,,74%
91%,79%,96%,,70%,,,,95%,86%,,76%,95%,,91%,91%,,,,,91%
92%,91%,90%,98%,57%,,100%,,100%,90%,,88%,94%,,92%,92%,,92%,,92%,92%
93%,79%,100%,90%,,,,,80%,89%,,80%,96%,,93%,93%,,92%,,93%,93%
85%,86%,90%,,50%,,,100%,91%,,,62%,100%,,85%,,,85%,,85%,85%
90%,88%,83%,94%,56%,,,,93%,,,70%,98%,,90%,90%,,90%,,90%,90%
89%,80%,85%,88%,43%,,,,60%,97%,,94%,94%,,89%,,,91%,,,89%
81%,68%,100%,84%,80%,,,78%,,95%,,90%,88%,,81%,81%,,82%,,81%,81%
77%,93%,97%,100%,91%,,,,91%,86%,,76%,100%,,77%,77%,,,,,77%
97%,94%,89%,96%,64%,,,89%,83%,96%,,93%,96%,,97%,97%,,97%,,97%,97%
95%,79%,96%,90%,79%,,,,79%,94%,,76%,94%,,95%,95%,,,,95%,95%
83%,97%,96%,99%,74%,,,,85%,88%,,80%,97%,,83%,83%,,,,83%,83%
96%,91%,93%,96%,73%,,,91%,93%,,,72%,97%,,96%,96%,,96%,,96%,96%
94%,84%,89%,91%,42%,,,,80%,95%,100%,90%,98%,,94%,94%,,94%,,94%,94%
88%,85%,96%,96%,67%,,,86%,89%,90%,,79%,95%,,88%,88%,,88%,,88%,
87%,94%,95%,98%,67%,,,94%,,89%,,83%,98%,,87%,87%,,87%,,87%,87%
95%,85%,93%,93%,67%,,,,63%,96%,,88%,94%,,95%,95%,,95%,,95%,
90%,83%,94%,92%,67%,,,,77%,94%,,89%,91%,,,90%,,91%,,,
88%,96%,94%,97%,73%,,,78%,80%,,,52%,97%,,,88%,,89%,,,88%
95%,94%,94%,97%,60%,,,,86%,92%,,84%,96%,,95%,95%,,95%,,95%,
94%,77%,96%,89%,50%,,,,79%,98%,100%,95%,97%,,,94%,,94%,,,
84%,86%,96%,94%,100%,,,,,90%,,79%,94%,,,84%,,84%,,84%,84%
90%,100%,95%,98%,73%,,,94%,,96%,,87%,100%,,90%,90%,,,,90%,90%
98%,86%,95%,94%,71%,,,92%,,90%,100%,79%,95%,,98%,98%,,98%,,98%,98%
90%,94%,91%,97%,67%,,,94%,90%,94%,,86%,96%,,90%,90%,,,,90%,90%
95%,89%,95%,95%,60%,,,85%,83%,78%,,76%,93%,,,,,,,95%,95%
90%,90%,82%,97%,59%,,,,,,,100%,96%,,90%,,,90%,,90%,90%
93%,73%,100%,83%,,,,,,92%,,100%,81%,,93%,,,93%,,93%,93%
78%,100%,100%,,,,,,,,,92%,100%,,78%,,,78%,,78%,78%
100%,83%,93%,,83%,,,,,95%,,90%,86%,,100%,100%,,100%,,100%,100%
92%,92%,97%,95%,78%,,,,,,,89%,93%,,92%,92%,,92%,,92%,92%
93%,93%,84%,98%,63%,,,,,,,86%,98%,,93%,93%,,93%,,93%,93%
95%,97%,100%,94%,43%,,,,,92%,,88%,91%,,95%,,,,,95%,95%
90%,91%,97%,94%,100%,,,,,99%,,97%,100%,,90%,90%,,90%,,90%,90%
94%,85%,100%,98%,86%,,,,,,,84%,96%,,,94%,,94%,,,94%
91%,98%,90%,99%,83%,,,,,86%,,87%,100%,,91%,,,,,91%,91%
99%,93%,95%,92%,77%,,,,79%,89%,,95%,97%,,99%,99%,,,,99%,99%
91%,79%,93%,89%,78%,,,,96%,92%,,87%,89%,,91%,91%,,91%,,91%,91%
88%,88%,96%,95%,72%,,,,60%,,,95%,88%,,88%,,,,,88%,88%
91%,89%,90%,95%,71%,,,,96%,,,93%,96%,,91%,91%,,93%,,91%,91%
92%,94%,88%,97%,73%,,,,97%,92%,,84%,89%,,92%,,,,,92%,92%
92%,96%,90%,97%,86%,,,,85%,93%,,100%,92%,,92%,,,,,92%,92%
93%,91%,89%,94%,82%,,,,71%,,,98%,97%,,93%,,,,,93%,93%
90%,95%,93%,95%,73%,,,,91%,90%,,81%,89%,,90%,90%,,92%,,90%,90%
93%,97%,93%,98%,73%,,,,82%,,,100%,91%,,93%,93%,,93%,,93%,93%
95%,88%,97%,93%,76%,,,,,92%,,82%,95%,,95%,,,97%,,95%,95%
90%,91%,89%,99%,,,,,86%,,,100%,88%,,,,,90%,,90%,90%
94%,90%,100%,92%,,,,,100%,,,100%,93%,,94%,94%,,94%,,94%,94%
90%,100%,100%,,,,,,86%,93%,,91%,100%,,,90%,,,,90%,90%
100%,83%,95%,,,,,,,,,83%,88%,,100%,100%,,100%,,100%,100%
92%,90%,90%,,87%,,,,,,,92%,95%,,92%,92%,,92%,,92%,92%
93%,75%,97%,,100%,,,,,100%,,100%,84%,,93%,93%,,93%,,93%,93%
84%,94%,100%,97%,83%,,,,,95%,,91%,100%,,84%,84%,,84%,,84%,84%
95%,97%,95%,98%,86%,,,,,96%,,92%,98%,,95%,95%,,,,95%,95%
99%,90%,92%,95%,82%,,,,,94%,,90%,94%,,99%,99%,,99%,,99%,99%
93%,95%,97%,95%,81%,,,,,95%,,91%,95%,,94%,93%,,93%,,93%,93%
94%,90%,95%,96%,84%,,,,,94%,,90%,96%,,95%,,,94%,,94%,94%
93%,87%,96%,93%,71%,,,,93%,94%,,90%,93%,,96%,93%,,,,93%,93%
91%,85%,96%,91%,59%,,,,,,,62%,89%,,96%,91%,,92%,,91%,91%
89%,91%,77%,98%,81%,,,,,98%,,88%,96%,,94%,,,89%,,89%,89%
94%,53%,99%,64%,91%,,,,100%,97%,,97%,75%,,94%,,,94%,,94%,94%
63%,95%,95%,100%,87%,,,,,97%,,90%,99%,,79%,63%,,65%,,63%,63%
97%,91%,97%,93%,84%,,,,,96%,,,91%,,97%,97%,,,,97%,97%
93%,94%,100%,97%,84%,,,,,96%,,96%,98%,,96%,93%,,,,93%,93%
96%,92%,98%,99%,85%,,,,91%,97%,,100%,,,96%,,,96%,,96%,96%
96%,96%,98%,99%,92%,,,,100%,98%,,87%,97%,,,96%,,96%,,96%,96%
97%,98%,97%,100%,81%,,,,,97%,,94%,97%,,97%,,,97%,,97%,97%
98%,94%,95%,96%,81%,,,,,95%,,87%,99%,,98%,98%,,,,98%,98%
95%,91%,95%,94%,82%,,,,72%,96%,,89%,92%,,98%,95%,,96%,,95%,95%
93%,86%,93%,92%,80%,,,,75%,96%,,92%,94%,,95%,,,93%,,93%,93%
91%,91%,94%,93%,90%,,,,95%,98%,,92%,96%,,93%,91%,,91%,,91%,91%
92%,89%,98%,93%,61%,,,,97%,93%,,84%,90%,,95%,,,93%,,92%,92%
91%,95%,91%,98%,63%,,,,100%,93%,,83%,98%,,94%,91%,,91%,,,91%
96%,81%,93%,90%,91%,,,,89%,98%,,95%,88%,,97%,96%,,96%,,96%,96%
86%,81%,100%,89%,94%,,,,100%,100%,,92%,90%,,91%,,,86%,,86%,86%
86%,92%,98%,97%,94%,,,,89%,99%,,,96%,,93%,86%,,,,86%,86%
96%,99%,98%,99%,92%,,,,92%,99%,,91%,100%,,,96%,,,,96%,96%
98%,100%,93%,99%,89%,,,,100%,99%,,90%,,,,98%,,,,98%,98%
99%,95%,98%,94%,83%,,,,100%,96%,,81%,98%,,99%,99%,,99%,,99%,99%
94%,95%,95%,98%,86%,,,,100%,97%,,90%,98%,,98%,94%,,,,94%,94%
97%,95%,97%,99%,87%,,,,100%,98%,,90%,99%,,98%,97%,,,,97%,97%
95%,96%,99%,99%,85%,,,,89%,98%,,89%,98%,,96%,95%,,95%,,95%,95%
97%,95%,96%,99%,78%,,,,98%,99%,,90%,98%,,,97%,,,,97%,97%
97%,89%,96%,94%,94%,,,,,98%,,94%,98%,,98%,,,,,97%,97%
92%,89%,98%,94%,91%,,,,,96%,,91%,94%,,97%,92%,,93%,,92%,92%
92%,96%,97%,97%,91%,,,,96%,99%,,94%,98%,,94%,92%,,92%,,92%,92%
97%,96%,97%,97%,96%,,,,89%,99%,,94%,98%,,98%,97%,,,,97%,97%
96%,100%,100%,100%,74%,,,,100%,96%,,93%,99%,,,96%,,,,96%,96%
99%,98%,99%,99%,78%,,,,,96%,,93%,100%,,99%,99%,,,,99%,99%
99%,93%,96%,100%,88%,,,,25%,98%,,93%,96%,,,99%,,,,99%,
96%,96%,99%,99%,78%,,,,100%,88%,,84%,97%,,96%,96%,,,,96%,96%
96%,97%,88%,100%,81%,,,,100%,100%,,91%,99%,,,,,96%,,96%,96%
98%,76%,96%,82%,78%,,,,81%,96%,,80%,73%,,,98%,,,,98%,98%
82%,88%,97%,93%,71%,,,,100%,98%,,72%,94%,,91%,82%,,82%,,82%,82%
92%,95%,86%,99%,,,,,80%,100%,,100%,97%,,95%,,,92%,,92%,92%
96%,71%,100%,79%,88%,,,,100%,97%,,92%,84%,,,96%,,,,96%,96%
78%,92%,97%,,90%,,,,86%,98%,,88%,94%,,90%,78%,,79%,,78%,78%
96%,96%,97%,98%,86%,,,,84%,99%,,87%,97%,,,96%,,96%,,96%,96%
97%,96%,97%,99%,74%,,,,91%,,,88%,98%,,97%,97%,,,,97%,97%
97%,92%,94%,96%,93%,,,,84%,100%,,94%,97%,,,97%,,,,97%,97%
95%,85%,94%,91%,,,,,100%,,,83%,89%,,97%,95%,,,,,
89%,97%,100%,96%,88%,,,,100%,98%,,88%,97%,,96%,,,,,89%,89%
96%,75%,99%,,,,,,95%,90%,,70%,88%,,97%,96%,,,,96%,96%
86%,95%,,99%,100%,,,,89%,100%,,80%,99%,,,86%,,,,86%,86%
97%,,94%,,,,,,100%,,,81%,90%,,,97%,,,,97%,97%
90%,84%,93%,87%,81%,,,,100%,99%,,74%,96%,,90%,90%,,90%,,90%,90%
88%,69%,98%,,63%,,,,88%,82%,,94%,75%,,98%,88%,,,,,88%
78%,92%,88%,98%,63%,,,,92%,88%,,76%,99%,,98%,78%,,,,,78%
95%,78%,90%,87%,64%,,,,92%,81%,,68%,95%,,,95%,,95%,,95%,95%
83%,84%,92%,93%,50%,,,,87%,76%,,100%,83%,,88%,83%,,83%,,,83%
88%,70%,90%,84%,83%,,,,92%,,,40%,91%,,88%,88%,,88%,,88%,88%
82%,65%,100%,82%,50%,,,,,75%,,86%,89%,,83%,,,83%,,,
78%,91%,64%,100%,81%,,,,,88%,,90%,91%,,,78%,,,,78%,78%
95%,80%,93%,83%,100%,,,,,95%,,89%,81%,,95%,95%,,95%,,95%,95%
74%,84%,97%,92%,83%,,,,,,,86%,92%,,74%,74%,,74%,,74%,74%
89%,89%,90%,91%,75%,,,,,,,84%,93%,,,,,90%,,89%,89%
92%,89%,97%,90%,73%,,,,,,,90%,90%,,,92%,,,,92%,92%
89%,90%,88%,96%,77%,,,,,94%,,76%,100%,,89%,89%,,89%,,89%,
93%,91%,95%,92%,54%,,,,,84%,,93%,93%,,93%,93%,,93%,,93%,93%
89%,93%,93%,98%,80%,,,,,,,58%,97%,,89%,89%,,,,89%,89%
94%,71%,89%,90%,58%,,,,,71%,,47%,94%,,94%,94%,,,,94%,94%
84%,95%,74%,94%,50%,,,,,67%,,84%,91%,,84%,84%,,,,84%,84%
92%,69%,,77%,92%,,,,,,,88%,79%,,92%,92%,,92%,,92%,92%
71%,,90%,43%,72%,,,,,93%,,95%,93%,,,,,72%,,71%,71%
47%,90%,94%,89%,71%,,,,,97%,,96%,94%,,47%,47%,,47%,,47%,47%
90%,91%,97%,95%,50%,,,,,85%,,86%,95%,,90%,90%,,90%,,90%,90%
92%,94%,95%,97%,64%,,,,,92%,,85%,76%,,,,,92%,,92%,92%
95%,79%,97%,97%,70%,,,,,93%,,93%,96%,,,,,95%,,95%,95%
86%,90%,91%,98%,81%,,,,,95%,,81%,91%,,86%,86%,,,,86%,86%
93%,85%,97%,93%,67%,,,,,89%,,90%,95%,,93%,93%,,,,93%,93%
88%,92%,95%,96%,65%,,,,,89%,,90%,92%,,90%,,,88%,,,88%
94%,82%,93%,93%,79%,,,,,95%,,86%,92%,,94%,94%,,94%,,94%,94%
88%,90%,97%,96%,76%,,,,,92%,,80%,97%,,,88%,,,,88%,88%
91%,94%,96%,99%,58%,,,,,88%,,91%,98%,,,91%,,91%,,91%,91%
96%,86%,86%,96%,70%,,,,,92%,,84%,91%,,,96%,,,,96%,96%
92%,86%,93%,93%,67%,,,,,84%,,,92%,,,,,,,92%,92%
86%,91%,89%,96%,,,,,,,,92%,83%,,,86%,,88%,,86%,86%
92%,77%,100%,88%,80%,,,,,,,80%,,,,92%,,,,92%,92%
84%,63%,85%,,44%,,,,,88%,,80%,88%,,84%,84%,,84%,,84%,84%
86%,95%,91%,91%,,,,,,89%,,91%,89%,,86%,86%,,86%,,86%,86%
90%,78%,83%,92%,79%,,,,,96%,,83%,100%,,90%,90%,,,,90%,90%
85%,92%,97%,,,,,,,91%,,80%,98%,,85%,,,85%,,,85%
89%,96%,94%,100%,86%,,,,,93%,,88%,100%,,89%,89%,,89%,,89%,89%
96%,88%,97%,,73%,,,,,85%,,87%,98%,,96%,96%,,96%,,96%,96%
91%,90%,84%,94%,70%,,,,,,,71%,81%,,91%,91%,,91%,,91%,91%
93%,86%,95%,88%,43%,,,,,,,70%,90%,,,93%,,94%,,93%,
85%,84%,86%,94%,57%,,,,,,,81%,87%,,85%,85%,,,,85%,85%
89%,78%,67%,90%,60%,,,,,,,71%,83%,,89%,89%,,,,89%,89%
81%,85%,80%,81%,67%,,,,,,,92%,87%,,81%,81%,,,,81%,81%
76%,88%,89%,94%,67%,,,,,,,76%,98%,,76%,,,,,76%,76%
85%,92%,92%,94%,55%,,,,,82%,,79%,89%,,85%,,,,,85%,85%
91%,88%,82%,96%,17%,,,,,86%,,79%,84%,,91%,91%,,91%,,91%,91%
90%,81%,95%,87%,89%,,,,,94%,,71%,86%,,90%,90%,,90%,,90%,90%
81%,73%,91%,91%,69%,,,,,,,87%,100%,,,81%,,,,81%,81%
82%,97%,73%,95%,80%,,,,,90%,,65%,90%,,,82%,,,,,82%
94%,81%,94%,80%,78%,,,,,82%,,84%,92%,,94%,94%,,94%,,94%,94%
78%,83%,76%,91%,27%,,,,,82%,,78%,94%,,78%,78%,,83%,,78%,78%
90%,89%,93%,82%,44%,,,,,86%,,80%,76%,,90%,90%,,91%,,90%,90%
82%,66%,92%,91%,88%,,,,,92%,,81%,94%,,82%,82%,,,,82%,82%
79%,84%,93%,98%,68%,,,,,,,92%,97%,,79%,79%,,,,79%,79%
88%,92%,95%,93%,70%,,,,,94%,,82%,97%,,88%,88%,,,,,88%
92%,87%,95%,94%,86%,,,,,88%,,94%,94%,,92%,92%,,92%,,92%,92%
91%,92%,81%,97%,82%,,,,,95%,,82%,94%,,,91%,,,,91%,91%
94%,91%,100%,86%,100%,,,,,93%,,78%,97%,,94%,94%,,,,94%,94%
86%,92%,94%,98%,80%,,,,,,,68%,100%,,,86%,,,,,86%
96%,88%,100%,90%,82%,,,,,98%,,78%,100%,,,96%,,95%,,,96%
91%,78%,95%,90%,80%,,,,,99%,,89%,97%,,,91%,,92%,,,91%
88%,95%,94%,97%,93%,,,,,99%,,87%,96%,,88%,88%,,88%,,88%,88%
95%,87%,100%,91%,80%,,,,,94%,,100%,100%,,97%,95%,,95%,,95%,95%
90%,97%,96%,99%,96%,,,,,99%,,94%,96%,,98%,90%,,,,90%,90%
98%,93%,99%,97%,89%,,,,,100%,,100%,100%,,,98%,,98%,,98%,98%
94%,100%,100%,100%,100%,,,,,100%,,89%,100%,,,94%,,,,94%,94%
100%,98%,100%,100%,87%,,,,,100%,,87%,100%,,,100%,,100%,,100%,100%
99%,100%,96%,100%,94%,,,,,99%,,95%,99%,,99%,99%,,99%,,99%,99%
100%,92%,98%,95%,91%,,,,,99%,,100%,100%,,100%,100%,,100%,,100%,100%
94%,99%,100%,99%,87%,,,,,99%,,88%,100%,,98%,94%,,95%,,94%,94%
99%,98%,100%,100%,96%,,,,,100%,,98%,98%,,99%,99%,,,,99%,99%
99%,96%,100%,100%,90%,,,,,97%,,94%,100%,,,99%,,99%,,99%,99%
98%,98%,100%,99%,90%,,,,,,,,99%,,98%,98%,,98%,,98%,98%
99%,97%,96%,100%,88%,,,,,,,,86%,,,99%,,,,99%,99%
99%,92%,98%,94%,0%,,,,,,,,97%,,99%,99%,,99%,,99%,99%
94%,92%,0%,97%,,,,,,,,95%,,,,,,,,94%,94%
95%,0%,,0%,,,,,,99%,,87%,,,96%,95%,,95%,,95%,95%
0%,40%,100%,,93%,,,,,98%,,100%,99%,,0%,0%,,0%,,0%,0%
40%,97%,97%,99%,89%,,,,,99%,,43%,98%,,40%,40%,,40%,,40%,40%
,96%,99%,97%,95%,,,,,,,,99%,,,,,,,,
98%,100%,,100%,43%,,,,,95%,,95%,,,99%,98%,,,,98%,98%
96%,,,,,,,,,96%,,81%,98%,,98%,96%,,96%,,96%,96%
99%,,100%,100%,79%,,,,,86%,,80%,,,,99%,,99%,,99%,99%
43%,94%,,99%,,,,,,100%,,95%,99%,,43%,19%,,43%,,43%,43%
19%,,97%,82%,81%,,,,,89%,,82%,75%,,19%,97%,,19%,,19%,19%
97%,96%,88%,100%,61%,,,,,100%,,100%,100%,,,,,97%,,97%,97%
,70%,100%,89%,96%,,,,,99%,,84%,89%,,,,,,,,
96%,99%,91%,100%,64%,,,,,97%,,83%,100%,,,,,96%,,96%,96%
79%,81%,100%,98%,100%,,,,,97%,,100%,100%,,79%,100%,,80%,,79%,79%
100%,100%,98%,91%,88%,,,,,80%,,87%,96%,,100%,,,100%,,100%,100%
85%,96%,90%,98%,76%,,,,,99%,,92%,97%,,89%,100%,,85%,,85%,85%
100%,87%,97%,88%,91%,,,,,99%,,80%,75%,,100%,97%,,,,100%,
97%,97%,90%,100%,71%,,,,,95%,,93%,100%,,,89%,,97%,,97%,97%
89%,79%,98%,100%,90%,,,,,96%,,90%,99%,,92%,97%,,,,89%,89%
97%,99%,99%,98%,83%,,,,,100%,,86%,96%,,,84%,,97%,,97%,97%
84%,97%,98%,92%,82%,,,,,99%,,93%,90%,,86%,,,86%,,84%,84%
99%,94%,94%,100%,74%,,,,,97%,,93%,100%,,99%,98%,,,,99%,99%
98%,87%,100%,99%,100%,,,,,95%,,92%,98%,,98%,96%,,98%,,98%,98%
96%,100%,100%,97%,91%,,,,,94%,,88%,96%,,,90%,,96%,,96%,96%
90%,97%,97%,94%,87%,,,,,95%,,96%,93%,,95%,100%,,90%,,90%,90%
100%,93%,94%,96%,86%,,,,,100%,,100%,92%,,100%,98%,,100%,,100%,100%
98%,91%,93%,95%,75%,,,,,95%,,89%,94%,,98%,95%,,,,98%,98%
95%,92%,97%,99%,84%,,,,,,,85%,100%,,,93%,,95%,,95%,95%
93%,90%,99%,96%,93%,,,,,,,86%,96%,,95%,93%,,,,93%,93%
93%,97%,95%,100%,94%,,,,,92%,,53%,96%,,93%,94%,,93%,,93%,93%
94%,96%,97%,98%,80%,,,,,90%,,,97%,,94%,,,,,94%,94%
98%,98%,96%,91%,67%,,,,,71%,,,95%,,,96%,,,,98%,98%
96%,90%,95%,90%,83%,,,,,,,,94%,,96%,98%,,,,96%,96%
98%,83%,93%,84%,88%,,,,,,,,81%,,,,,98%,,98%,98%
93%,84%,77%,,36%,,,,,,,,,,93%,90%,,,,93%,93%
90%,65%,,,,,,,,,,,,,,90%,,,,90%,90%
90%,,,,,,,,,,,,,,90%,71%,,,,90%,90%
71%,,,,,,,,,,,,,,71%,,,,,71%,71%